province_code,province_name,population,reference_year,source_name,source_url
11,Aceh,5626000,2025,Badan Pusat Statistik,https://www.bps.go.id/id/statistics-table/3/V1ZSbFRUY3lTbFpEYTNsVWNGcDZjek53YkhsNFFUMDkjMyMwMDAw/jumlah-penduduk--laju-pertumbuhan-penduduk--distribusi-persentase-penduduk--kepadatan-penduduk--rasio-jenis-kelamin-penduduk-menurut-provinsi.html?year=2025
12,Sumatera Utara,15785800,2025,Badan Pusat Statistik,https://www.bps.go.id/id/statistics-table/3/V1ZSbFRUY3lTbFpEYTNsVWNGcDZjek53YkhsNFFUMDkjMyMwMDAw/jumlah-penduduk--laju-pertumbuhan-penduduk--distribusi-persentase-penduduk--kepadatan-penduduk--rasio-jenis-kelamin-penduduk-menurut-provinsi.html?year=2025
13,Sumatera Barat,5914300,2025,Badan Pusat Statistik,https://www.bps.go.id/id/statistics-table/3/V1ZSbFRUY3lTbFpEYTNsVWNGcDZjek53YkhsNFFUMDkjMyMwMDAw/jumlah-penduduk--laju-pertumbuhan-penduduk--distribusi-persentase-penduduk--kepadatan-penduduk--rasio-jenis-kelamin-penduduk-menurut-provinsi.html?year=2025
14,Riau,6811200,2025,Badan Pusat Statistik,https://www.bps.go.id/id/statistics-table/3/V1ZSbFRUY3lTbFpEYTNsVWNGcDZjek53YkhsNFFUMDkjMyMwMDAw/jumlah-penduduk--laju-pertumbuhan-penduduk--distribusi-persentase-penduduk--kepadatan-penduduk--rasio-jenis-kelamin-penduduk-menurut-provinsi.html?year=2025
15,Jambi,3768500,2025,Badan Pusat Statistik,https://www.bps.go.id/id/statistics-table/3/V1ZSbFRUY3lTbFpEYTNsVWNGcDZjek53YkhsNFFUMDkjMyMwMDAw/jumlah-penduduk--laju-pertumbuhan-penduduk--distribusi-persentase-penduduk--kepadatan-penduduk--rasio-jenis-kelamin-penduduk-menurut-provinsi.html?year=2025
16,Sumatera Selatan,8928500,2025,Badan Pusat Statistik,https://www.bps.go.id/id/statistics-table/3/V1ZSbFRUY3lTbFpEYTNsVWNGcDZjek53YkhsNFFUMDkjMyMwMDAw/jumlah-penduduk--laju-pertumbuhan-penduduk--distribusi-persentase-penduduk--kepadatan-penduduk--rasio-jenis-kelamin-penduduk-menurut-provinsi.html?year=2025
17,Bengkulu,2138000,2025,Badan Pusat Statistik,https://www.bps.go.id/id/statistics-table/3/V1ZSbFRUY3lTbFpEYTNsVWNGcDZjek53YkhsNFFUMDkjMyMwMDAw/jumlah-penduduk--laju-pertumbuhan-penduduk--distribusi-persentase-penduduk--kepadatan-penduduk--rasio-jenis-kelamin-penduduk-menurut-provinsi.html?year=2025
18,Lampung,9522900,2025,Badan Pusat Statistik,https://www.bps.go.id/id/statistics-table/3/V1ZSbFRUY3lTbFpEYTNsVWNGcDZjek53YkhsNFFUMDkjMyMwMDAw/jumlah-penduduk--laju-pertumbuhan-penduduk--distribusi-persentase-penduduk--kepadatan-penduduk--rasio-jenis-kelamin-penduduk-menurut-provinsi.html?year=2025
19,Kepulauan Bangka Belitung,1550800,2025,Badan Pusat Statistik,https://www.bps.go.id/id/statistics-table/3/V1ZSbFRUY3lTbFpEYTNsVWNGcDZjek53YkhsNFFUMDkjMyMwMDAw/jumlah-penduduk--laju-pertumbuhan-penduduk--distribusi-persentase-penduduk--kepadatan-penduduk--rasio-jenis-kelamin-penduduk-menurut-provinsi.html?year=2025
21,Kepulauan Riau,2213500,2025,Badan Pusat Statistik,https://www.bps.go.id/id/statistics-table/3/V1ZSbFRUY3lTbFpEYTNsVWNGcDZjek53YkhsNFFUMDkjMyMwMDAw/jumlah-penduduk--laju-pertumbuhan-penduduk--distribusi-persentase-penduduk--kepadatan-penduduk--rasio-jenis-kelamin-penduduk-menurut-provinsi.html?year=2025
31,DKI Jakarta,10678000,2025,Badan Pusat Statistik,https://www.bps.go.id/id/statistics-table/3/V1ZSbFRUY3lTbFpEYTNsVWNGcDZjek53YkhsNFFUMDkjMyMwMDAw/jumlah-penduduk--laju-pertumbuhan-penduduk--distribusi-persentase-penduduk--kepadatan-penduduk--rasio-jenis-kelamin-penduduk-menurut-provinsi.html?year=2025
32,Jawa Barat,50759000,2025,Badan Pusat Statistik,https://www.bps.go.id/id/statistics-table/3/V1ZSbFRUY3lTbFpEYTNsVWNGcDZjek53YkhsNFFUMDkjMyMwMDAw/jumlah-penduduk--laju-pertumbuhan-penduduk--distribusi-persentase-penduduk--kepadatan-penduduk--rasio-jenis-kelamin-penduduk-menurut-provinsi.html?year=2025
33,Jawa Tengah,38233900,2025,Badan Pusat Statistik,https://www.bps.go.id/id/statistics-table/3/V1ZSbFRUY3lTbFpEYTNsVWNGcDZjek53YkhsNFFUMDkjMyMwMDAw/jumlah-penduduk--laju-pertumbuhan-penduduk--distribusi-persentase-penduduk--kepadatan-penduduk--rasio-jenis-kelamin-penduduk-menurut-provinsi.html?year=2025
34,DI Yogyakarta,3781500,2025,Badan Pusat Statistik,https://www.bps.go.id/id/statistics-table/3/V1ZSbFRUY3lTbFpEYTNsVWNGcDZjek53YkhsNFFUMDkjMyMwMDAw/jumlah-penduduk--laju-pertumbuhan-penduduk--distribusi-persentase-penduduk--kepadatan-penduduk--rasio-jenis-kelamin-penduduk-menurut-provinsi.html?year=2025
35,Jawa Timur,42089300,2025,Badan Pusat Statistik,https://www.bps.go.id/id/statistics-table/3/V1ZSbFRUY3lTbFpEYTNsVWNGcDZjek53YkhsNFFUMDkjMyMwMDAw/jumlah-penduduk--laju-pertumbuhan-penduduk--distribusi-persentase-penduduk--kepadatan-penduduk--rasio-jenis-kelamin-penduduk-menurut-provinsi.html?year=2025
36,Banten,12537400,2025,Badan Pusat Statistik,https://www.bps.go.id/id/statistics-table/3/V1ZSbFRUY3lTbFpEYTNsVWNGcDZjek53YkhsNFFUMDkjMyMwMDAw/jumlah-penduduk--laju-pertumbuhan-penduduk--distribusi-persentase-penduduk--kepadatan-penduduk--rasio-jenis-kelamin-penduduk-menurut-provinsi.html?year=2025
51,Bali,4461300,2025,Badan Pusat Statistik,https://www.bps.go.id/id/statistics-table/3/V1ZSbFRUY3lTbFpEYTNsVWNGcDZjek53YkhsNFFUMDkjMyMwMDAw/jumlah-penduduk--laju-pertumbuhan-penduduk--distribusi-persentase-penduduk--kepadatan-penduduk--rasio-jenis-kelamin-penduduk-menurut-provinsi.html?year=2025
52,Nusa Tenggara Barat,5731100,2025,Badan Pusat Statistik,https://www.bps.go.id/id/statistics-table/3/V1ZSbFRUY3lTbFpEYTNsVWNGcDZjek53YkhsNFFUMDkjMyMwMDAw/jumlah-penduduk--laju-pertumbuhan-penduduk--distribusi-persentase-penduduk--kepadatan-penduduk--rasio-jenis-kelamin-penduduk-menurut-provinsi.html?year=2025
53,Nusa Tenggara Timur,5742600,2025,Badan Pusat Statistik,https://www.bps.go.id/id/statistics-table/3/V1ZSbFRUY3lTbFpEYTNsVWNGcDZjek53YkhsNFFUMDkjMyMwMDAw/jumlah-penduduk--laju-pertumbuhan-penduduk--distribusi-persentase-penduduk--kepadatan-penduduk--rasio-jenis-kelamin-penduduk-menurut-provinsi.html?year=2025
61,Kalimantan Barat,5766000,2025,Badan Pusat Statistik,https://www.bps.go.id/id/statistics-table/3/V1ZSbFRUY3lTbFpEYTNsVWNGcDZjek53YkhsNFFUMDkjMyMwMDAw/jumlah-penduduk--laju-pertumbuhan-penduduk--distribusi-persentase-penduduk--kepadatan-penduduk--rasio-jenis-kelamin-penduduk-menurut-provinsi.html?year=2025
62,Kalimantan Tengah,2845000,2025,Badan Pusat Statistik,https://www.bps.go.id/id/statistics-table/3/V1ZSbFRUY3lTbFpEYTNsVWNGcDZjek53YkhsNFFUMDkjMyMwMDAw/jumlah-penduduk--laju-pertumbuhan-penduduk--distribusi-persentase-penduduk--kepadatan-penduduk--rasio-jenis-kelamin-penduduk-menurut-provinsi.html?year=2025
63,Kalimantan Selatan,4323300,2025,Badan Pusat Statistik,https://www.bps.go.id/id/statistics-table/3/V1ZSbFRUY3lTbFpEYTNsVWNGcDZjek53YkhsNFFUMDkjMyMwMDAw/jumlah-penduduk--laju-pertumbuhan-penduduk--distribusi-persentase-penduduk--kepadatan-penduduk--rasio-jenis-kelamin-penduduk-menurut-provinsi.html?year=2025
64,Kalimantan Timur,4267600,2025,Badan Pusat Statistik,https://www.bps.go.id/id/statistics-table/3/V1ZSbFRUY3lTbFpEYTNsVWNGcDZjek53YkhsNFFUMDkjMyMwMDAw/jumlah-penduduk--laju-pertumbuhan-penduduk--distribusi-persentase-penduduk--kepadatan-penduduk--rasio-jenis-kelamin-penduduk-menurut-provinsi.html?year=2025
65,Kalimantan Utara,749400,2025,Badan Pusat Statistik,https://www.bps.go.id/id/statistics-table/3/V1ZSbFRUY3lTbFpEYTNsVWNGcDZjek53YkhsNFFUMDkjMyMwMDAw/jumlah-penduduk--laju-pertumbuhan-penduduk--distribusi-persentase-penduduk--kepadatan-penduduk--rasio-jenis-kelamin-penduduk-menurut-provinsi.html?year=2025
71,Sulawesi Utara,2721400,2025,Badan Pusat Statistik,https://www.bps.go.id/id/statistics-table/3/V1ZSbFRUY3lTbFpEYTNsVWNGcDZjek53YkhsNFFUMDkjMyMwMDAw/jumlah-penduduk--laju-pertumbuhan-penduduk--distribusi-persentase-penduduk--kepadatan-penduduk--rasio-jenis-kelamin-penduduk-menurut-provinsi.html?year=2025
72,Sulawesi Tengah,3156100,2025,Badan Pusat Statistik,https://www.bps.go.id/id/statistics-table/3/V1ZSbFRUY3lTbFpEYTNsVWNGcDZjek53YkhsNFFUMDkjMyMwMDAw/jumlah-penduduk--laju-pertumbuhan-penduduk--distribusi-persentase-penduduk--kepadatan-penduduk--rasio-jenis-kelamin-penduduk-menurut-provinsi.html?year=2025
73,Sulawesi Selatan,9563100,2025,Badan Pusat Statistik,https://www.bps.go.id/id/statistics-table/3/V1ZSbFRUY3lTbFpEYTNsVWNGcDZjek53YkhsNFFUMDkjMyMwMDAw/jumlah-penduduk--laju-pertumbuhan-penduduk--distribusi-persentase-penduduk--kepadatan-penduduk--rasio-jenis-kelamin-penduduk-menurut-provinsi.html?year=2025
74,Sulawesi Tenggara,2836700,2025,Badan Pusat Statistik,https://www.bps.go.id/id/statistics-table/3/V1ZSbFRUY3lTbFpEYTNsVWNGcDZjek53YkhsNFFUMDkjMyMwMDAw/jumlah-penduduk--laju-pertumbuhan-penduduk--distribusi-persentase-penduduk--kepadatan-penduduk--rasio-jenis-kelamin-penduduk-menurut-provinsi.html?year=2025
75,Gorontalo,1242200,2025,Badan Pusat Statistik,https://www.bps.go.id/id/statistics-table/3/V1ZSbFRUY3lTbFpEYTNsVWNGcDZjek53YkhsNFFUMDkjMyMwMDAw/jumlah-penduduk--laju-pertumbuhan-penduduk--distribusi-persentase-penduduk--kepadatan-penduduk--rasio-jenis-kelamin-penduduk-menurut-provinsi.html?year=2025
76,Sulawesi Barat,1525300,2025,Badan Pusat Statistik,https://www.bps.go.id/id/statistics-table/3/V1ZSbFRUY3lTbFpEYTNsVWNGcDZjek53YkhsNFFUMDkjMyMwMDAw/jumlah-penduduk--laju-pertumbuhan-penduduk--distribusi-persentase-penduduk--kepadatan-penduduk--rasio-jenis-kelamin-penduduk-menurut-provinsi.html?year=2025
81,Maluku,1970600,2025,Badan Pusat Statistik,https://www.bps.go.id/id/statistics-table/3/V1ZSbFRUY3lTbFpEYTNsVWNGcDZjek53YkhsNFFUMDkjMyMwMDAw/jumlah-penduduk--laju-pertumbuhan-penduduk--distribusi-persentase-penduduk--kepadatan-penduduk--rasio-jenis-kelamin-penduduk-menurut-provinsi.html?year=2025
82,Maluku Utara,1373800,2025,Badan Pusat Statistik,https://www.bps.go.id/id/statistics-table/3/V1ZSbFRUY3lTbFpEYTNsVWNGcDZjek53YkhsNFFUMDkjMyMwMDAw/jumlah-penduduk--laju-pertumbuhan-penduduk--distribusi-persentase-penduduk--kepadatan-penduduk--rasio-jenis-kelamin-penduduk-menurut-provinsi.html?year=2025
91,Papua,1073600,2025,Badan Pusat Statistik,https://www.bps.go.id/id/statistics-table/3/V1ZSbFRUY3lTbFpEYTNsVWNGcDZjek53YkhsNFFUMDkjMyMwMDAw/jumlah-penduduk--laju-pertumbuhan-penduduk--distribusi-persentase-penduduk--kepadatan-penduduk--rasio-jenis-kelamin-penduduk-menurut-provinsi.html?year=2025
92,Papua Barat,587600,2025,Badan Pusat Statistik,https://www.bps.go.id/id/statistics-table/3/V1ZSbFRUY3lTbFpEYTNsVWNGcDZjek53YkhsNFFUMDkjMyMwMDAw/jumlah-penduduk--laju-pertumbuhan-penduduk--distribusi-persentase-penduduk--kepadatan-penduduk--rasio-jenis-kelamin-penduduk-menurut-provinsi.html?year=2025
93,Papua Selatan,549700,2025,Badan Pusat Statistik,https://www.bps.go.id/id/statistics-table/3/V1ZSbFRUY3lTbFpEYTNsVWNGcDZjek53YkhsNFFUMDkjMyMwMDAw/jumlah-penduduk--laju-pertumbuhan-penduduk--distribusi-persentase-penduduk--kepadatan-penduduk--rasio-jenis-kelamin-penduduk-menurut-provinsi.html?year=2025
94,Papua Tengah,1492300,2025,Badan Pusat Statistik,https://www.bps.go.id/id/statistics-table/3/V1ZSbFRUY3lTbFpEYTNsVWNGcDZjek53YkhsNFFUMDkjMyMwMDAw/jumlah-penduduk--laju-pertumbuhan-penduduk--distribusi-persentase-penduduk--kepadatan-penduduk--rasio-jenis-kelamin-penduduk-menurut-provinsi.html?year=2025
95,Papua Pegunungan,1484900,2025,Badan Pusat Statistik,https://www.bps.go.id/id/statistics-table/3/V1ZSbFRUY3lTbFpEYTNsVWNGcDZjek53YkhsNFFUMDkjMyMwMDAw/jumlah-penduduk--laju-pertumbuhan-penduduk--distribusi-persentase-penduduk--kepadatan-penduduk--rasio-jenis-kelamin-penduduk-menurut-provinsi.html?year=2025
96,Papua Barat Daya,636400,2025,Badan Pusat Statistik,https://www.bps.go.id/id/statistics-table/3/V1ZSbFRUY3lTbFpEYTNsVWNGcDZjek53YkhsNFFUMDkjMyMwMDAw/jumlah-penduduk--laju-pertumbuhan-penduduk--distribusi-persentase-penduduk--kepadatan-penduduk--rasio-jenis-kelamin-penduduk-menurut-provinsi.html?year=2025
